{
  "lastNames": [
    "Altink","Hofwegen","Schermer","Eerkens","Alink",
    "Albers","Ramakers","Niftrik","Both","Jonckers",
    "Koolen","Van Daele","Nifterik","Franke","Merckx",
    "Van Nifterik","Heeren","Alberink","Van Ogtrop","Tunison",
    "Albring","Alberdingk","Meeuwsen","Smit","Klein"
  ],
  "firstNames": [
    "Tycho",
    "Nikolaas",
    "Noelle",
    "Annet",
    "Gerdina",
    "Caroline",
    "Renate",
    "Herbert",
    "Elsje",
    "Jozef",
    "Felicia",
    "Alida",
    "Timo",
    "Ernst",
    "Antonia",
    "Annet",
    "Veerke",
    "Olivier",
    "Henk",
    "Til",
    "Antonius",
    "Chantal",
    "Wilhelmina",
    "Romein",
    "Pien"
  ],
  "sfeerGroups": [ "A", "B", "C" ],
  "Activities": [
    "Bakken",
    "Balanske",
    "Belevingsatelier",
    "Bib",
    "Cafetaria Rozenberg",
    "Crea",
    "Digitaal Atelier",
    "Expressie",
    "Feest",
    "Houtatelier",
    "Kaarsenatelier",
    "Keuken Afwas",
    "Koken",
    "Kringgesprek",
    "Kunst Atelier",
    "Levensboeken",
    "Markt",
    "Muziek",
    "Paardrijden",
    "Petanque",
    "Praat Cafe",
    "Provinciaal Domein",
    "Sfeergroep 1",
    "Sfeergroep 2",
    "Sfeergroep 3",
    "Snoezelen",
    "Spik En Span",
    "Sporten",
    "Textiel",
    "Thuis Verlof",
    "Tievo",
    "Toneel",
    "Tuin",
    "Uitstap",
    "Verhalen",
    "Vorming",
    "Wandelen",
    "Weekschema",
    "Werkplaats",
    "Winkelen",
    "Yoga",
    "Zwemmen"
  ],
  "Bussoorten": [

    "Afsluiten",
    "Opvang",
    "GeleBus",
    "BeigeBus",
    "BlauweBus"
  ]
}
